<application>
  <component name="IgnoredPluginSuggestions">
    <option name="pluginIds">
      <list>
        <option value="com.intellij.kubernetes" />
        <option value="com.intellij.bigdatatools.rfs" />
        <option value="com.intellij.resharper.azure" />
        <option value="fr.socolin.application-insights-debug-log-viewer" />
        <option value="me.seclerp.rider.plugins.efcore" />
        <option value="nsubstitutecomplete-rider" />
        <option value="com.microsoft.tooling.msservices.intellij.azure" />
      </list>
    </option>
  </component>
</application>