<keymap version="1" name="GNOME copy" parent="Default for GNOME">
  <action id="ActivateDebugToolWindow">
    <keyboard-shortcut first-keystroke="alt r" second-keystroke="alt d" />
  </action>
  <action id="ActivateProblemsViewToolWindow">
    <keyboard-shortcut first-keystroke="alt w" second-keystroke="alt p" />
  </action>
  <action id="ActivateProjectToolWindow">
    <keyboard-shortcut first-keystroke="alt 1" />
    <keyboard-shortcut first-keystroke="alt e" />
  </action>
  <action id="ActivateRunToolWindow">
    <keyboard-shortcut first-keystroke="alt r" second-keystroke="alt n" />
  </action>
  <action id="ActivateTerminalToolWindow">
    <keyboard-shortcut first-keystroke="alt t" />
  </action>
  <action id="ActivateVersionControlToolWindow">
    <keyboard-shortcut first-keystroke="alt w" second-keystroke="alt g" />
  </action>
  <action id="OpenInRightSplit" />
  <action id="SplitVertically">
    <keyboard-shortcut first-keystroke="alt w" second-keystroke="alt w" />
  </action>
  <action id="copilot.disposeInlays" />
</keymap>